parm_1;parm_2;parm_3;parm_4;parm_5;parm_6
1,82E+20;4,09E+18;8,16E+18;2,78E+19;-5,25E+19;1,57E+19
1,05E+20;-9,98E+18;4,53E+19;9,41E+18;-4,79E+19;2,49E+19
1,21E+20;2,72E+19;1,43E+19;4,31E+19;-4,43E+19;2,30E+19
1,41E+20;-6,04E+18;1,98E+19;3,02E+19;-3,05E+19;1,45E+19
9,74E+19;-4,08E+17;2,60E+19;1,72E+19;-6,20E+19;9,20E+18
1,25E+20;2,99E+19;3,51E+19;4,21E+19;-6,25E+19;2,91E+19
1,25E+20;-1,98E+19;3,66E+19;1,86E+19;-4,67E+19;2,27E+18
5,47E+19;1,36E+19;4,36E+19;1,36E+19;-5,07E+19;1,46E+19
1,63E+20;-8,74E+18;2,11E+19;2,49E+19;-6,07E+19;3,21E+19
1,45E+20;9,50E+18;2,72E+19;4,02E+19;-4,77E+19;1,18E+19
1,03E+20;-1,47E+19;1,60E+19;1,50E+19;-6,80E+19;9,88E+18
1,17E+20;-1,71E+19;3,33E+19;1,30E+19;-4,66E+19;1,12E+19
1,47E+20;1,86E+19;3,78E+19;5,51E+19;-5,89E+19;-1,18E+18
1,14E+20;2,88E+19;2,86E+19;8,24E+18;-5,91E+19;2,31E+19
1,11E+20;5,21E+18;3,90E+19;2,69E+19;-6,64E+19;1,49E+19
7,27E+19;-1,27E+19;3,09E+19;1,48E+19;-4,76E+19;-3,30E+18
1,46E+20;1,08E+19;2,34E+19;3,01E+19;-5,44E+19;1,15E+19
1,23E+20;1,51E+19;3,37E+19;1,28E+19;-4,67E+19;1,07E+19
1,36E+20;-2,49E+18;2,89E+19;2,33E+19;-6,10E+19;1,57E+19
6,70E+19;4,84E+19;3,05E+19;2,04E+19;-6,12E+19;2,23E+19
1,88E+20;1,56E+19;3,49E+19;2,64E+19;-4,32E+19;1,39E+19
1,26E+20;3,04E+19;4,93E+19;2,01E+19;-8,36E+19;2,53E+18
1,15E+20;-3,56E+18;2,42E+19;3,05E+19;-6,06E+19;1,52E+19
2,00E+20;2,11E+19;3,06E+19;1,65E+19;-6,08E+19;1,45E+19
1,24E+20;2,16E+19;2,20E+19;1,44E+19;-5,11E+19;2,78E+19
7,22E+19;8,39E+18;2,92E+19;2,49E+19;-6,53E+19;2,59E+19
1,07E+20;2,67E+19;3,66E+19;3,46E+19;-5,58E+19;3,76E+19
4,24E+19;-1,53E+18;2,89E+19;5,95E+18;-3,43E+19;2,26E+19
1,57E+20;1,64E+19;3,48E+19;2,30E+19;-4,67E+19;-3,30E+17
1,10E+20;8,13E+18;3,94E+19;3,22E+19;-5,59E+19;1,57E+19
9,41E+19;1,57E+19;2,65E+19;1,96E+19;-5,94E+19;1,65E+19
1,67E+20;-1,11E+19;2,99E+19;6,44E+18;-5,17E+19;1,40E+19
5,98E+19;2,97E+18;4,22E+19;1,84E+19;-6,96E+19;1,65E+19
1,45E+20;-6,31E+18;3,27E+19;1,56E+19;-5,30E+19;2,55E+19
5,23E+19;-3,79E+18;3,75E+19;1,74E+19;-6,24E+19;8,31E+18
9,72E+19;1,50E+19;4,17E+19;4,03E+19;-4,98E+19;1,95E+19
8,23E+19;-9,61E+18;4,61E+19;2,46E+19;-4,72E+19;3,13E+19
1,81E+20;-2,36E+18;2,54E+19;2,37E+19;-5,23E+19;1,13E+19
1,93E+20;-2,64E+18;2,71E+19;2,39E+19;-5,72E+19;2,77E+19
1,08E+20;1,18E+19;3,65E+19;1,20E+19;-6,58E+19;1,89E+19
1,53E+20;1,09E+19;3,31E+19;4,31E+19;-3,96E+19;1,07E+18
1,18E+20;-1,13E+19;1,07E+19;2,22E+19;-4,82E+19;1,61E+19
1,43E+20;-3,52E+19;4,68E+19;3,62E+19;-5,93E+19;2,99E+18
9,75E+19;1,75E+19;3,60E+19;1,74E+19;-5,25E+19;7,56E+18
6,51E+19;-1,02E+19;4,17E+19;2,75E+19;-4,46E+19;2,52E+19
5,40E+19;7,86E+18;1,31E+19;3,48E+19;-5,47E+19;1,40E+19
1,39E+20;-1,21E+19;5,08E+19;2,41E+19;-5,14E+19;2,04E+19
2,11E+20;-3,82E+18;2,32E+19;2,53E+19;-4,82E+19;2,17E+19
1,32E+20;-1,32E+19;2,83E+19;3,30E+19;-5,24E+19;4,69E+18
9,99E+19;5,29E+19;1,06E+19;2,99E+19;-5,74E+19;2,50E+19
1,93E+20;1,43E+19;2,73E+19;3,70E+19;-5,83E+19;1,73E+19
1,31E+20;1,99E+19;3,15E+19;1,30E+19;-5,69E+19;2,00E+19
1,25E+20;5,31E+18;3,34E+19;2,74E+19;-3,62E+19;1,13E+19
1,35E+20;1,56E+19;3,51E+19;3,61E+19;-5,74E+19;8,51E+18
1,14E+20;9,55E+18;3,22E+19;3,24E+19;-4,11E+19;2,90E+19
1,11E+20;-1,04E+19;4,46E+19;2,47E+19;-4,52E+19;1,07E+19
7,14E+19;-3,41E+19;2,69E+19;2,38E+19;-4,04E+19;4,29E+18
1,37E+20;5,15E+19;1,55E+19;2,67E+19;-6,50E+19;2,19E+19
1,21E+20;9,12E+18;3,17E+19;2,43E+19;-5,22E+19;1,67E+19
1,68E+20;-9,77E+17;3,81E+19;3,79E+19;-5,88E+19;-3,07E+18
1,08E+20;2,17E+18;4,69E+19;2,59E+19;-4,96E+19;1,65E+19
5,44E+19;6,88E+18;3,74E+19;3,53E+19;-6,11E+19;1,18E+19
1,19E+20;2,48E+19;7,40E+18;1,76E+19;-5,68E+19;2,16E+19
1,90E+20;2,05E+19;3,36E+19;3,92E+19;-6,33E+19;2,71E+19
1,10E+20;-1,41E+19;4,76E+19;2,85E+19;-6,10E+19;3,00E+19
9,13E+19;-1,99E+19;3,31E+19;1,68E+19;-5,13E+19;3,04E+19
7,86E+19;-3,79E+17;2,33E+19;3,95E+19;-3,64E+19;1,09E+19
8,52E+19;1,51E+19;3,68E+19;4,02E+19;-4,11E+19;2,60E+18
1,13E+20;-1,01E+17;2,80E+19;2,54E+19;-4,86E+19;1,56E+19
7,86E+19;4,36E+18;4,69E+19;1,22E+19;-4,25E+19;1,32E+19
1,74E+20;-5,38E+18;2,87E+19;3,00E+19;-6,00E+19;1,53E+19
1,12E+20;-1,14E+18;4,18E+19;2,62E+19;-6,48E+19;3,11E+19
1,27E+20;1,29E+19;3,60E+19;3,08E+19;-4,84E+19;2,54E+19
1,77E+20;-1,27E+18;2,37E+19;2,85E+19;-6,13E+19;1,19E+19
1,73E+20;2,75E+19;3,67E+19;2,47E+19;-4,95E+19;1,32E+19
1,16E+20;-1,18E+19;3,63E+19;4,17E+19;-6,01E+19;2,87E+19
1,38E+20;-1,76E+19;2,22E+19;3,14E+19;-4,07E+19;2,55E+19
1,50E+20;2,66E+19;2,88E+19;1,89E+19;-4,86E+19;7,15E+18
1,18E+20;-5,10E+18;3,06E+17;2,71E+19;-6,54E+19;1,60E+19
5,99E+19;1,61E+19;4,06E+19;3,77E+19;-3,91E+19;2,60E+19
1,53E+20;-1,64E+19;2,46E+19;2,81E+19;-5,19E+19;1,27E+19
1,58E+20;-1,36E+19;7,44E+18;2,28E+19;-5,02E+19;1,25E+19
1,38E+20;9,13E+18;8,35E+18;2,70E+19;-5,12E+19;9,24E+18
9,19E+19;-1,76E+19;2,30E+19;2,42E+19;-6,87E+19;2,24E+19
1,15E+20;1,01E+19;4,02E+19;2,53E+19;-6,16E+19;1,55E+19
1,02E+20;1,32E+19;2,45E+19;4,16E+19;-5,66E+19;1,02E+19
1,12E+20;1,24E+19;3,66E+19;2,73E+19;-6,68E+19;1,91E+19
1,74E+20;6,77E+18;2,07E+19;2,11E+19;-4,46E+19;5,53E+18
1,74E+20;8,51E+18;1,27E+19;2,23E+19;-4,45E+19;4,40E+19
1,49E+20;1,84E+18;4,11E+19;1,59E+19;-6,39E+19;2,08E+19
1,40E+20;1,49E+19;3,32E+19;3,79E+19;-7,89E+19;1,10E+19
1,49E+20;-9,21E+18;3,09E+19;2,95E+19;-6,34E+19;5,54E+18
1,22E+20;-1,61E+19;4,42E+19;3,79E+19;-4,92E+19;3,04E+19
1,21E+20;1,11E+19;2,19E+19;3,24E+19;-3,76E+19;1,05E+19
9,81E+19;2,62E+19;2,35E+19;1,91E+19;-5,83E+19;2,50E+19
1,18E+20;-1,12E+19;4,25E+19;1,50E+19;-6,25E+19;1,86E+19
2,05E+20;-1,32E+19;5,91E+19;1,87E+19;-4,68E+19;1,65E+19
1,65E+20;1,21E+19;2,93E+19;7,78E+18;-5,98E+19;1,06E+19
1,07E+20;2,47E+19;5,16E+19;2,30E+19;-4,79E+19;2,01E+19
1,04E+20;-2,71E+18;2,44E+19;3,57E+19;-4,05E+19;1,08E+19
9,40E+19;-2,33E+19;3,63E+19;2,42E+19;-5,43E+19;5,88E+18
1,38E+20;3,53E+19;2,87E+19;3,12E+19;-5,88E+19;9,32E+18
1,38E+20;-4,72E+18;1,22E+19;3,15E+19;-4,12E+19;1,61E+19
7,03E+19;7,17E+18;2,80E+19;3,04E+19;-6,56E+19;2,57E+19
1,40E+20;1,90E+19;4,43E+19;2,54E+19;-5,04E+19;6,60E+18
1,03E+20;-5,74E+18;2,56E+19;3,28E+19;-6,63E+19;1,92E+19
1,76E+20;2,76E+19;2,86E+19;1,97E+19;-5,54E+19;3,15E+19
1,25E+20;-1,32E+18;4,65E+19;4,18E+19;-4,80E+19;1,38E+19
1,89E+20;-2,01E+19;1,39E+19;3,05E+19;-4,10E+19;2,00E+19
1,02E+20;-1,11E+18;1,50E+19;4,71E+18;-4,30E+19;2,07E+19
1,19E+20;1,69E+19;2,21E+19;3,09E+19;-5,12E+19;2,86E+19
1,34E+20;3,91E+19;2,23E+19;1,75E+18;-5,29E+19;2,57E+19
1,59E+20;2,88E+19;4,89E+19;1,25E+19;-4,90E+19;1,51E+19
1,40E+20;3,72E+19;4,11E+19;3,14E+18;-3,24E+19;1,79E+19
7,61E+19;-2,70E+19;1,64E+19;1,76E+19;-6,91E+19;3,96E+19
1,33E+20;7,30E+18;2,81E+19;1,85E+19;-4,07E+19;5,10E+18
1,26E+20;2,40E+19;6,85E+19;2,20E+19;-4,53E+19;1,39E+19
1,07E+20;2,33E+19;2,64E+19;3,80E+19;-4,29E+19;1,29E+19
1,02E+20;2,01E+19;1,96E+19;2,03E+19;-6,26E+19;2,61E+19
1,88E+20;1,18E+19;3,36E+19;1,86E+19;-5,97E+19;2,44E+19
1,10E+20;2,38E+19;3,71E+19;2,85E+19;-4,84E+19;2,40E+19
9,08E+19;-3,02E+19;3,66E+19;3,82E+19;-4,55E+19;2,21E+19
1,45E+20;1,64E+19;2,29E+19;1,31E+19;-5,19E+19;2,40E+19
1,27E+20;1,63E+19;1,22E+19;2,77E+19;-6,64E+19;1,24E+19
1,18E+20;-3,64E+18;3,87E+19;4,08E+19;-5,72E+19;1,78E+19
1,54E+20;-2,29E+19;3,15E+19;2,00E+19;-4,12E+19;2,25E+19
1,41E+20;-2,11E+19;1,82E+19;1,46E+19;-4,44E+19;4,72E+18
1,37E+20;1,15E+19;3,87E+19;3,29E+19;-5,86E+19;2,16E+19
1,55E+20;-1,46E+18;4,43E+19;1,01E+19;-4,80E+19;1,29E+19
1,34E+20;-1,59E+18;2,87E+19;1,43E+19;-4,82E+19;3,57E+19
1,01E+20;-8,41E+18;2,58E+19;3,65E+19;-5,06E+19;1,27E+19
1,10E+20;-2,96E+18;2,64E+19;3,10E+19;-5,24E+19;3,10E+19
1,05E+20;1,68E+19;1,86E+19;1,82E+19;-6,15E+19;1,87E+19
1,36E+20;2,65E+19;1,77E+19;2,08E+19;-5,34E+19;2,14E+19
8,27E+19;-1,56E+18;3,23E+19;2,10E+19;-7,83E+19;2,57E+18
5,00E+19;1,85E+19;1,25E+19;1,29E+19;-4,33E+19;2,82E+19
1,26E+20;-2,26E+19;3,74E+19;2,57E+19;-5,09E+19;2,18E+19
7,46E+19;7,03E+17;1,40E+19;1,82E+19;-5,23E+19;2,08E+19
5,20E+19;1,87E+19;3,24E+19;9,61E+18;-5,96E+19;2,35E+19
1,42E+20;8,64E+18;3,78E+19;1,03E+19;-4,62E+19;2,64E+19
9,47E+19;1,24E+19;5,58E+19;1,90E+19;-5,37E+19;1,85E+19
1,42E+20;6,69E+18;1,82E+19;1,76E+19;-6,21E+19;1,01E+19
1,10E+20;-1,78E+19;5,51E+18;4,84E+19;-6,53E+19;2,56E+19
7,78E+19;2,38E+19;2,16E+19;3,45E+19;-5,24E+19;1,92E+19
7,57E+19;3,54E+19;2,14E+19;2,76E+19;-3,62E+19;7,72E+18
1,04E+20;-3,18E+18;2,72E+19;2,10E+19;-5,22E+19;5,92E+18
1,12E+20;5,81E+18;3,50E+19;3,70E+19;-4,00E+19;2,19E+19
8,84E+19;-2,19E+18;3,68E+19;4,32E+19;-5,01E+19;2,35E+19
1,13E+20;-5,36E+18;5,05E+19;3,75E+19;-5,38E+19;2,03E+19
6,75E+19;3,98E+18;2,09E+19;4,09E+19;-4,33E+19;1,98E+19
1,18E+20;-1,08E+19;6,40E+19;3,06E+19;-5,19E+19;2,18E+19
5,80E+19;1,80E+19;5,95E+19;2,51E+19;-5,08E+19;4,95E+18
1,19E+20;4,11E+18;3,32E+19;1,94E+19;-4,53E+19;1,04E+19
1,48E+20;1,73E+19;7,50E+18;1,77E+19;-4,40E+19;1,04E+19
1,65E+20;2,64E+19;3,12E+19;2,94E+19;-6,27E+19;3,04E+18
1,85E+20;-9,88E+18;3,05E+19;3,27E+19;-4,54E+19;3,42E+19
6,69E+19;-7,97E+18;1,96E+18;3,14E+19;-6,57E+19;-3,66E+18
1,51E+20;3,95E+19;2,64E+19;5,59E+19;-5,14E+19;2,43E+19
1,67E+20;2,28E+19;3,07E+19;3,54E+19;-4,30E+19;1,40E+19
1,61E+20;-3,46E+18;2,08E+19;3,88E+19;-4,41E+19;2,17E+19
9,25E+19;-1,61E+19;3,62E+19;3,17E+19;-6,32E+19;1,19E+19
1,45E+20;1,50E+19;4,12E+19;4,01E+19;-5,69E+19;2,08E+19
1,91E+20;8,37E+18;3,03E+19;1,28E+19;-4,12E+19;2,07E+19
6,73E+19;2,47E+19;3,35E+19;2,45E+19;-4,88E+19;2,46E+19
1,42E+20;-4,00E+19;2,21E+19;9,09E+18;-5,78E+19;2,12E+19
1,64E+20;-6,98E+18;2,13E+19;2,17E+19;-6,47E+19;1,96E+19
9,87E+19;-1,13E+19;2,94E+19;3,16E+19;-6,30E+19;1,87E+19
1,46E+20;-8,63E+18;3,93E+19;3,26E+19;-5,44E+19;1,95E+19
8,36E+19;-1,79E+19;2,05E+19;4,53E+19;-5,33E+19;1,87E+19
9,45E+19;-1,01E+19;1,13E+18;3,40E+19;-5,39E+19;1,51E+19
9,42E+19;9,58E+18;3,62E+19;1,99E+19;-6,42E+19;1,54E+19
1,35E+20;-7,14E+18;2,17E+19;1,24E+19;-3,26E+19;-4,49E+18
1,24E+20;5,34E+17;3,53E+19;2,38E+19;-5,41E+19;1,78E+19
1,64E+20;-1,80E+19;5,01E+19;3,73E+19;-7,29E+19;-2,76E+18
8,05E+19;1,44E+19;3,03E+19;2,63E+19;-5,59E+19;7,71E+18
1,20E+20;1,29E+19;1,54E+19;1,74E+19;-5,76E+19;1,37E+19
1,58E+20;-8,91E+18;1,43E+19;2,80E+19;-4,94E+19;7,17E+18
1,48E+20;-1,93E+19;4,18E+19;5,24E+18;-7,46E+19;1,88E+19
7,72E+19;-4,66E+18;2,44E+19;4,35E+19;-5,22E+19;2,95E+19
1,47E+20;1,66E+19;3,78E+19;2,60E+19;-5,32E+19;1,59E+19
1,07E+20;2,60E+18;3,85E+19;3,31E+19;-6,58E+19;2,27E+19
1,38E+20;1,15E+19;3,01E+19;2,73E+19;-5,57E+19;9,55E+18
1,30E+20;-2,99E+19;3,10E+19;1,42E+19;-4,11E+19;3,87E+19
1,72E+20;-1,31E+19;1,67E+19;2,33E+19;-5,43E+19;2,77E+19
1,31E+20;-1,81E+19;-1,52E+18;1,49E+19;-6,00E+19;1,74E+18
5,77E+19;-3,49E+18;1,10E+19;3,17E+19;-5,18E+19;2,23E+19
7,15E+19;1,20E+19;3,04E+19;1,48E+19;-4,09E+19;2,38E+19
1,53E+20;-1,64E+19;2,52E+19;2,59E+19;-6,29E+19;2,08E+19
1,10E+20;-2,48E+19;2,98E+19;2,58E+19;-7,78E+19;1,93E+19
1,65E+20;-7,22E+18;2,76E+19;3,45E+19;-5,40E+19;1,38E+19
1,36E+20;-1,31E+17;3,05E+19;3,94E+19;-5,46E+19;2,93E+19
9,76E+19;-1,58E+19;4,63E+19;1,56E+17;-5,10E+19;6,78E+18
1,63E+20;1,11E+19;2,68E+19;-1,49E+17;-6,79E+19;1,56E+19
9,51E+19;-8,35E+18;3,10E+19;1,86E+19;-3,88E+19;1,93E+19
4,99E+19;1,89E+19;1,35E+19;2,39E+19;-5,46E+19;-1,05E+19
2,01E+20;2,54E+19;4,60E+19;2,76E+19;-4,74E+19;1,09E+19
5,32E+19;-7,99E+18;3,00E+19;2,35E+19;-4,20E+19;1,41E+19
1,44E+20;-1,08E+17;3,47E+19;1,94E+19;-7,07E+19;2,51E+19
1,58E+20;-3,03E+19;4,77E+19;3,67E+19;-5,18E+19;3,17E+19
1,26E+20;7,04E+18;4,25E+19;4,09E+19;-4,58E+19;1,72E+19
